Phase,Duration,Goal,Status,Key Tasks,Deliverables,Priority
Phase 1,"1-2 days","Establish project structure, dependencies, and configuration",COMPLETE,"Project Structure Setup,Dependency Management,Configuration Management","Project structure,requirements.txt,Configuration files (.env template, config.py),README with setup instructions",HIGH
Phase 2,"2-3 days","Define data structures and build utility functions",COMPLETE,"Data Model Definition,Utility Functions,Base Classes and Interfaces","src/models/job.py (Job data model),src/utils/csv_utils.py (CSV operations),src/utils/text_utils.py (Text processing),src/utils/date_utils.py (Date handling),src/scrapers/base_scraper.py (Abstract base class)",HIGH
"Phase 3.1","2 days","Implement Naukri scraper using HTML scraping",COMPLETE,"Implement NaukriScraper class,HTML parsing with BeautifulSoup,Handle pagination,Implement rate limiting and error handling","src/scrapers/naukri_scraper.py,Unit tests for Naukri scraper",HIGH
"Phase 3.2","1-2 days","Implement RemoteOK scraper using public API",COMPLETE,"Implement RemoteOKScraper class,Integrate with RemoteOK public API,Parse API responses,Handle API rate limiting and pagination","src/scrapers/remoteok_scraper.py,Unit tests for RemoteOK scraper",HIGH
"Phase 3.3","2-3 days","Implement LinkedIn scraper using Firecrawl",COMPLETE,"Implement LinkedInScraper class,Integrate Firecrawl SDK,Configure Firecrawl for LinkedIn,Handle authentication and session management","src/scrapers/linkedin_scraper.py,Unit tests for LinkedIn scraper,NOT USED (LinkedIn removed from scope)",MEDIUM
Phase 4,"3-4 days","Build pipeline to process and normalize scraped data",COMPLETE,"Data Normalization Pipeline,Deduplication System,Job Filtering System,Data Validation","src/processors/normalizer.py,src/processors/deduplicator.py,src/processors/filter.py,src/processors/validator.py,Unit tests for processing pipeline",HIGH
Phase 5,"3-4 days","Build main application to coordinate all components",COMPLETE,"Main Application Controller,CSV Export System,CLI Interface,Configuration Integration","src/job_agent.py (Main controller),src/exporters/csv_exporter.py,src/cli/main.py (CLI interface),Configuration documentation,User input validation system",HIGH
"Phase 5.1","N/A","User Input Integration - Exact job role and location",COMPLETE,"Input validation module,CLI input validation,Job agent input preprocessing,Structured field input (no NLP)","src/utils/input_validator.py,CLI suggestions command,Normalized input mapping to scrapers",HIGH
Phase 6,"3-4 days","Ensure system reliability and data quality",COMPLETE,"Unit Testing,Integration Testing,Data Quality Validation,Performance Testing","Complete test suite (tests/),Test coverage report,Performance benchmarks,Integration tests for complete pipeline",MEDIUM
Phase 7,"2-3 days","Deploy system and set up automated scheduling",NOT IMPLEMENTED,"Deployment Setup,Scheduling System,Monitoring and Logging,Documentation","deployment/ directory with scripts,Dockerfile (optional),scheduler configuration,Monitoring setup,Complete documentation suite",LOW
Phase 8,"Ongoing","Improve performance and add advanced features",NOT STARTED,"Performance Improvements,Advanced Features,Additional Platforms,Data Storage Options","Caching mechanisms,Machine learning for job ranking,Job alert system,Trend analysis,Web dashboard",LOW
Technology Stack,"N/A","Core and development tools for implementation",N/A,"Python 3.8+,requests,beautifulsoup4,pandas,python-dotenv,schedule,pytest,black,flake8,git","Core dependencies and development tools",N/A
Risk Mitigation,"N/A","Technical and operational risk management",N/A,"Platform blocking prevention,API change handling,Firecrawl cost monitoring,Data quality validation,System downtime prevention,Data loss prevention,Performance optimization","Risk mitigation strategies and success criteria",N/A
Success Criteria,"N/A","Measurable goals for project success",N/A,"Successfully scrape jobs from naukri and remoteok,Data accuracy >90%,Deduplication effectiveness >85%,System uptime >95%,Complete test coverage of core functionality,Comprehensive documentation for maintenance",N/A